{
  "move": {
    "gadgetThrow": false,
    "actionKey": "LIGHT",
    "initialPowerIndex": 0
  },
  "powers": [
    {
      "powerID": 20,
      "cooldown": 10,
      "stunTime": 18,
      "onMissNextPowerIndex": 2,
      "casts": [
        {
          "startupFrames": 2,
          "attackFrames": 2,
          "frameChanges": [
            {
              "frame": 0,
              "casterVelocitySetXY": {
                "activeX": false,
                "magnitudeX": 0.0,
                "activeY": true,
                "magnitudeY": 0.0
              },
              "hurtboxPositionChange": {
                "active": true,
                "xOffset": 23,
                "yOffset": 0,
                "width": 290,
                "height": 320
              }
            },
            {
              "frame": 2,
              "casterVelocitySetXY": {
                "activeX": true,
                "magnitudeX": 0.0,
                "activeY": false,
                "magnitudeY": 0.0
              },
              "hurtboxPositionChange": {
                "active": true,
                "xOffset": 25,
                "yOffset": 0,
                "width": 290,
                "height": 320
              }
            }
          ]
        },
        {
          "startupFrames": 3,
          "attackFrames": 2,
          "frameChanges": [
            {
              "frame": 3,
              "casterVelocitySetXY": {
                "activeX": true,
                "magnitudeX": 6.75,
                "activeY": false,
                "magnitudeY": 0.0
              },
              "hurtboxPositionChange": {
                "active": true,
                "xOffset": 0,
                "yOffset": -15,
                "width": 290,
                "height": 320
              }
            },
            {
              "frame": 4,
              "casterVelocitySetXY": {
                "activeX": true,
                "magnitudeX": 0.0,
                "activeY": false,
                "magnitudeY": 0.0
              }
            }
          ]
        },
        {
          "startupFrames": 1,
          "attackFrames": 4,
          "baseDamage": 13,
          "variableForce": 20.0,
          "fixedForce": 80.0,
          "hitboxes": [
            {
              "xOffset": 63,
              "yOffset": -12,
              "width": 146,
              "height": 58
            }
          ],
          "frameChanges": [
            {
              "frame": 1,
              "casterVelocitySetXY": {
                "activeX": true,
                "magnitudeX": 6.75,
                "activeY": false,
                "magnitudeY": 0.0
              },
              "hurtboxPositionChange": {
                "active": true,
                "xOffset": 0,
                "yOffset": -25,
                "width": 290,
                "height": 320
              }
            }
          ]
        }
      ],
      "onHitNextPowerIndex": 1
    },
    {
      "powerID": 772,
      "recovery": 18,
      "casts": [
        {
          "attackFrames": 1,
          "baseDamage": -1,
          "variableForce": -1.0,
          "fixedForce": -1.0,
          "frameChanges": [
            {
              "frame": 0,
              "casterVelocitySetXY": {
                "activeX": true,
                "magnitudeX": 6.75,
                "activeY": false,
                "magnitudeY": 0.0
              }
            },
            {
              "frame": 7,
              "casterVelocitySetXY": {
                "activeX": true,
                "magnitudeX": 4.0,
                "activeY": false,
                "magnitudeY": 0.0
              },
              "hurtboxPositionChange": {
                "active": true,
                "xOffset": 0,
                "yOffset": -17,
                "width": 290,
                "height": 320
              }
            },
            {
              "frame": 11,
              "hurtboxPositionChange": {
                "active": true,
                "xOffset": 0,
                "yOffset": 0,
                "width": 290,
                "height": 320
              }
            }
          ]
        }
      ]
    },
    {
      "powerID": 773,
      "fixedRecovery": 2,
      "recovery": 18,
      "casts": [
        {
          "attackFrames": 1,
          "baseDamage": -1,
          "variableForce": -1.0,
          "fixedForce": -1.0,
          "frameChanges": [
            {
              "frame": 0,
              "casterVelocitySetXY": {
                "activeX": true,
                "magnitudeX": 6.75,
                "activeY": false,
                "magnitudeY": 0.0
              }
            },
            {
              "frame": 8,
              "casterVelocitySetXY": {
                "activeX": true,
                "magnitudeX": 4.0,
                "activeY": false,
                "magnitudeY": 0.0
              },
              "hurtboxPositionChange": {
                "active": true,
                "xOffset": 0,
                "yOffset": -17,
                "width": 290,
                "height": 320
              }
            },
            {
              "frame": 12,
              "casterVelocitySetXY": {
                "activeX": true,
                "magnitudeX": 2.0,
                "activeY": false,
                "magnitudeY": 0.0
              },
              "hurtboxPositionChange": {
                "active": true,
                "xOffset": 0,
                "yOffset": 0,
                "width": 290,
                "height": 320
              }
            }
          ]
        }
      ]
    }
  ]
}