{
  "move": {
    "gadgetThrow": false,
    "actionKey": "HEAVY",
    "initialPowerIndex": 0
  },
  "powers": [
    {
      "powerID": 16,
      "cooldown": 19,
      "minCharge": 40,
      "stunTime": 19,
      "hitAngleDeg": -90.0,
      "transitionOnInstantHit": true,
      "onMissNextPowerIndex": 2,
      "onGroundNextPowerIndex": 3,
      "casts": [
        {
          "startupFrames": 15,
          "attackFrames": 2,
          "baseDamage": 17,
          "variableForce": 46.0,
          "fixedForce": 48.0,
          "frameChanges": [
            {
              "frame": 15,
              "casterVelocitySet": {
                "active": true,
                "magnitude": 0.0,
                "directionDeg": 0.0
              }
            }
          ]
        },
        {
          "attackFrames": 39,
          "baseDamage": 17,
          "variableForce": 46.0,
          "fixedForce": 48.0,
          "hitboxes": [
            {
              "xOffset": -8,
              "yOffset": 85,
              "width": 48,
              "height": 100
            }
          ],
          "collisionCheckPoints": [
            {
              "xOffset": -8,
              "yOffset": 85
            }
          ],
          "frameChanges": [
            {
              "frame": 0,
              "casterVelocitySet": {
                "active": true,
                "magnitude": 6.0,
                "directionDeg": -90.0
              }
            }
          ]
        }
      ],
      "onHitNextPowerIndex": 1
    },
    {
      "powerID": 18,
      "fixedRecovery": 5,
      "recovery": 16,
      "stunTime": 19,
      "casts": [
        {
          "startupFrames": 3,
          "attackFrames": 1,
          "frameChanges": [
            {
              "frame": 3,
              "casterVelocitySet": {
                "active": true,
                "magnitude": 3.0,
                "directionDeg": 90.0
              }
            }
          ]
        }
      ]
    },
    {
      "powerID": 17,
      "fixedRecovery": 1,
      "recovery": 7,
      "stunTime": 19,
      "casts": [
        {
          "attackFrames": 1,
          "frameChanges": [
            {
              "frame": 0,
              "casterVelocitySet": {
                "active": true,
                "magnitude": 0.0,
                "directionDeg": 0.0
              }
            }
          ]
        }
      ]
    },
    {
      "powerID": 19,
      "fixedRecovery": 1,
      "recovery": 16,
      "stunTime": 19,
      "casts": [
        {
          "attackFrames": 2,
          "baseDamage": 17,
          "variableForce": 46.0,
          "fixedForce": 48.0,
          "hitboxes": [
            {
              "xOffset": 5,
              "yOffset": 43,
              "width": 98,
              "height": 74
            }
          ]
        },
        {
          "attackFrames": 7
        }
      ]
    }
  ]
}